{
  "IcoMoonType": "selection",
  "icons": [
    {
      "icon": {
        "paths": [
          "M136.533 0h819.2c75.405 0 136.533 61.128 136.533 136.533v750.933c0 75.405-61.128 136.533-136.533 136.533h-819.2c-75.405 0-136.533-61.128-136.533-136.533v-750.933c0-75.405 61.128-136.533 136.533-136.533z",
          "M270.131 529.203l-4.71-4.506-4.71 4.437-65.809 62.396 5.188 4.983 243.371 232.107 4.71-4.506 517.461-493.636-5.188-4.915-64.922-61.918-4.71 4.506-447.351 426.394-173.329-165.342z"
        ],
        "attrs": [
          {
            "fill": "rgb(33, 150, 243)"
          },
          {
            "fill": "rgb(255, 255, 255)",
            "stroke": "rgb(255, 255, 255)",
            "strokeLinejoin": "miter",
            "strokeLinecap": "butt",
            "strokeMiterlimit": "4",
            "strokeWidth": 13.653333333333334
          }
        ],
        "width": 1092,
        "isMulticolor": true,
        "isMulticolor2": true,
        "grid": 0,
        "tags": [
          "check"
        ],
        "colorPermutations": {
          "2552552551331502431": [
            {
              "f": 0
            },
            {
              "f": 1,
              "s": 1
            }
          ]
        }
      },
      "attrs": [
        {
          "fill": "rgb(33, 150, 243)"
        },
        {
          "fill": "rgb(255, 255, 255)",
          "stroke": "rgb(255, 255, 255)",
          "strokeLinejoin": "miter",
          "strokeLinecap": "butt",
          "strokeMiterlimit": "4",
          "strokeWidth": 13.653333333333334
        }
      ],
      "properties": {
        "order": 34,
        "id": 0,
        "name": "check",
        "prevSize": 32
      },
      "setIdx": 0,
      "setId": 2,
      "iconIdx": 0
    },
    {
      "icon": {
        "paths": [
          "M1024 0l-1024 576 327.253 121.173 504.747-473.173-383.915 517.973 0.299 0.085-0.384-0.085v282.027l183.509-214.101 232.533 86.101 159.957-896z"
        ],
        "attrs": [
          {
            "fill": "rgb(255, 255, 255)"
          }
        ],
        "isMulticolor": false,
        "isMulticolor2": false,
        "grid": 0,
        "tags": [
          "sub"
        ],
        "colorPermutations": {
          "117117117117517718412552552551331502431": [
            {
              "f": 3
            }
          ]
        }
      },
      "attrs": [
        {
          "fill": "rgb(255, 255, 255)"
        }
      ],
      "properties": {
        "order": 17,
        "id": 15,
        "name": "sub",
        "prevSize": 32
      },
      "setIdx": 1,
      "setId": 1,
      "iconIdx": 0
    },
    {
      "icon": {
        "paths": [
          "M512 512c141.385 0 256-114.615 256-256s-114.615-256-256-256v0c-141.385 0-256 114.615-256 256s114.615 256 256 256v0zM512 640c-170.837 0-512 85.76-512 256v64c0 35.157 28.843 64 64 64h896c35.157 0 64-28.843 64-64v-64c0-170.24-341.163-256-512-256z"
        ],
        "attrs": [
          {}
        ],
        "isMulticolor": false,
        "isMulticolor2": false,
        "grid": 0,
        "tags": [
          "person"
        ],
        "colorPermutations": {
          "117117117117517718412552552551331502431": [
            {}
          ]
        }
      },
      "attrs": [
        {}
      ],
      "properties": {
        "order": 18,
        "id": 14,
        "name": "person",
        "prevSize": 32
      },
      "setIdx": 1,
      "setId": 1,
      "iconIdx": 1
    },
    {
      "icon": {
        "paths": [
          "M877.422 667.282l-134.437-15.36c-3.702-0.461-7.987-0.725-12.334-0.725-29.090 0-55.426 11.793-74.487 30.859l-97.427 97.427c-150.962-77.917-270.931-197.909-346.728-344.447l-2.090-4.444 98.011-97.792c19.066-19.061 30.859-45.397 30.859-74.487 0-4.346-0.263-8.631-0.775-12.84l0.050 0.506-15.36-133.413c-6.366-52.966-51.033-93.623-105.196-93.623-0.046 0-0.091 0-0.137 0l-91.568-0c-59.831-0.146-109.568 49.591-105.911 109.349 28.087 452.023 389.632 813.056 841.143 841.143 59.758 3.657 109.568-46.080 109.568-105.911v-91.575c0.001-0.151 0.001-0.33 0.001-0.508 0-53.805-40.513-98.147-92.698-104.186l-0.487-0.046z"
        ],
        "attrs": [
          {}
        ],
        "isMulticolor": false,
        "isMulticolor2": false,
        "grid": 0,
        "tags": [
          "mobile"
        ],
        "colorPermutations": {
          "117117117117517718412552552551331502431": [
            {}
          ]
        }
      },
      "attrs": [
        {}
      ],
      "properties": {
        "order": 19,
        "id": 13,
        "name": "mobile",
        "prevSize": 32
      },
      "setIdx": 1,
      "setId": 1,
      "iconIdx": 2
    },
    {
      "icon": {
        "paths": [
          "M1194.667 0h-1024c-70.4 0-127.403 57.6-127.403 128l-0.597 768c0 70.4 57.6 128 128 128h1024c70.4 0 128-57.6 128-128v-768c0-70.4-57.6-128-128-128zM1169.067 272.043l-452.437 282.795c-9.65 6.022-21.368 9.593-33.92 9.593s-24.27-3.571-34.194-9.752l0.274 0.159-452.523-282.88c-16.11-9.631-26.73-26.982-26.73-46.813 0-30.021 24.337-54.357 54.357-54.357 11.162 0 21.539 3.364 30.17 9.135l-0.197-0.124 428.8 268.203 428.8-268.203c8.434-5.646 18.811-9.010 29.973-9.010 30.021 0 54.357 24.337 54.357 54.357 0 19.831-10.62 37.182-26.483 46.676l-0.247 0.137z"
        ],
        "attrs": [
          {}
        ],
        "width": 1365,
        "isMulticolor": false,
        "isMulticolor2": false,
        "grid": 0,
        "tags": [
          "email"
        ],
        "colorPermutations": {
          "117117117117517718412552552551331502431": [
            {}
          ]
        }
      },
      "attrs": [
        {}
      ],
      "properties": {
        "order": 20,
        "id": 12,
        "name": "email",
        "prevSize": 32
      },
      "setIdx": 1,
      "setId": 1,
      "iconIdx": 3
    },
    {
      "icon": {
        "paths": [
          "M995.951 475.336c-8.033-11.509-12.835-25.791-12.835-41.194 0-1.617 0.053-3.222 0.157-4.813l-0.011 0.216v-66.382c0-20.369 4.23-35.84 12.622-46.414 8.415-10.574 22.884-15.85 43.386-15.805 19.256 0 32.946 4.497 41.027 13.512 8.815 11.487 13.112 25.533 12.132 39.713v15.583h-34.46v-15.805c0.015-0.608 0.024-1.323 0.024-2.041 0-4.733-0.373-9.378-1.091-13.909l0.065 0.501c-0.549-3.675-2.332-6.859-4.906-9.182l-0.014-0.012c-3.045-2.261-6.878-3.619-11.028-3.619-0.514 0-1.023 0.021-1.527 0.062l0.066-0.004c-0.432-0.034-0.936-0.053-1.444-0.053-4.399 0-8.462 1.44-11.742 3.875l0.053-0.038c-2.886 2.592-4.925 6.076-5.681 10.016l-0.018 0.113c-1.002 5.409-1.447 10.908-1.358 16.406v80.584c-0.068 0.922-0.107 1.998-0.107 3.082 0 7.11 1.667 13.831 4.631 19.794l-0.116-0.259c1.75 2.406 4.083 4.288 6.795 5.458l0.106 0.041c2.010 0.88 4.352 1.393 6.813 1.393 0.729 0 1.448-0.045 2.153-0.132l-0.084 0.009c0.423 0.036 0.916 0.057 1.413 0.057 4.084 0 7.843-1.396 10.824-3.737l-0.038 0.029c2.693-2.515 4.545-5.9 5.109-9.704l0.011-0.091c0.824-5.343 1.18-10.752 1.091-16.139v-16.362h34.46v14.915c0.082 1.222 0.129 2.65 0.129 4.088 0 14.133-4.52 27.21-12.193 37.865l0.132-0.192c-7.903 9.862-21.393 14.781-41.227 14.781s-34.816-5.254-43.32-16.206zM1139.445 476.026c-8.704-10.351-13.067-25.4-13.067-45.323v-69.855c0-19.723 4.363-34.638 13.067-44.767 8.682-10.129 23.24-15.182 43.654-15.137 20.257 0 34.727 5.053 43.453 15.137 8.682 10.129 13.134 25.043 13.134 44.767v69.855c0 19.723-4.452 34.838-13.267 45.256-8.86 10.396-23.263 15.583-43.32 15.583-20.035 0-34.883-5.254-43.654-15.516zM1199.149 459.264c3.117-6.456 4.541-13.579 4.141-20.658v-85.504c0.041-0.688 0.065-1.491 0.065-2.301 0-6.535-1.528-12.713-4.246-18.196l0.107 0.239c-1.779-2.446-4.159-4.354-6.927-5.525l-0.108-0.040c-1.994-0.859-4.316-1.358-6.754-1.358-0.821 0-1.629 0.057-2.42 0.166l0.091-0.010c-0.701-0.099-1.512-0.155-2.335-0.155-2.451 0-4.786 0.499-6.908 1.401l0.116-0.044c-2.878 1.22-5.263 3.126-7.024 5.519l-0.032 0.046c-3.139 6.3-4.563 13.267-4.141 20.257v85.905c-0.445 7.123 0.979 14.202 4.141 20.658 1.996 2.151 4.411 3.881 7.12 5.066l0.137 0.054c2.612 1.151 5.658 1.821 8.86 1.821s6.248-0.67 9.004-1.878l-0.144 0.056c2.846-1.239 5.261-2.969 7.245-5.106l0.012-0.014v-0.401zM1281.113 302.97h37.109l27.893 128.89 28.538-128.89h36.107l3.629 186.012h-26.646l-2.849-129.269-27.559 129.269h-21.393l-28.538-129.736-2.649 129.736h-26.98l3.339-185.99zM1455.994 302.97h57.789c33.28 0 49.931 17.608 49.931 52.825 0 33.725-17.519 50.554-52.58 50.532h-19.656v82.655h-35.684l0.223-185.99zM1505.369 382.464c3.517 0.445 7.101 0.134 10.463-0.89 3.406-1.002 6.522-2.716 9.149-4.964 4.096-6.3 5.899-13.668 5.12-21.014 0.023-0.643 0.037-1.397 0.037-2.155 0-5.222-0.63-10.298-1.818-15.154l0.090 0.435c-0.549-1.968-1.453-3.68-2.647-5.146l0.020 0.026c-1.239-1.519-2.739-2.771-4.441-3.701l-0.078-0.039c-4.113-1.903-8.925-3.014-13.998-3.014-0.667 0-1.33 0.019-1.988 0.057l0.091-0.004h-13.846v55.563h13.846zM1615.16 302.97h38.311l39.313 186.012h-33.258l-7.769-42.897h-34.17l-7.992 42.897h-33.747l39.313-185.99zM1647.905 424.559l-13.357-78.091-13.334 78.091h26.713zM1724.55 302.97h24.932l47.816 106.118v-106.118h29.607v185.99h-23.752l-48.083-110.77v110.77h-30.609l0.067-185.99zM1896.248 418.059l-39.736-114.822h33.458l24.264 73.75 22.751-73.75h32.746l-39.224 114.822v70.923h-34.259v-70.923zM1051.047 570.301v9.728h-29.117v75.576h-12.199v-75.576h-29.251v-9.728h70.567zM1142.294 655.605h-9.416c-0.079 0.006-0.171 0.009-0.263 0.009-0.902 0-1.733-0.305-2.395-0.817l0.009 0.007c-0.693-0.486-1.229-1.152-1.548-1.93l-0.011-0.029-8.415-20.257h-40.381l-8.437 20.257c-0.256 0.891-0.693 1.66-1.273 2.298l0.004-0.005c-0.67 0.504-1.517 0.807-2.434 0.807-0.076 0-0.151-0.002-0.225-0.006l0.010 0h-9.416l35.684-85.304h12.399l36.107 84.97zM1083.214 623.928h33.681l-14.269-34.727c-0.905-2.146-1.81-4.814-2.544-7.553l-0.105-0.461-1.336 4.519-1.291 3.562-14.136 34.66zM1203.801 647.235c2.226 0.111 4.452 0.111 6.678 0 1.937-0.2 3.851-0.534 5.721-1.024 2.030-0.477 3.74-1.012 5.397-1.652l-0.277 0.094c1.581-0.601 3.161-1.336 4.808-2.070v-19.189h-14.269c-0.049 0.003-0.106 0.005-0.164 0.005-0.681 0-1.303-0.255-1.775-0.675l0.003 0.002c-0.437-0.345-0.714-0.875-0.714-1.47 0-0.031 0.001-0.062 0.002-0.092l-0 0.004v-6.567h27.693v32.701c-4.326 2.94-9.337 5.314-14.701 6.854l-0.37 0.091c-2.507 0.741-5.524 1.366-8.616 1.751l-0.289 0.029c-3.084 0.34-6.66 0.534-10.281 0.534-0.048 0-0.096-0-0.144-0l0.007 0c-0.12 0.001-0.261 0.002-0.403 0.002-6.317 0-12.361-1.168-17.927-3.301l0.344 0.116c-5.523-2.127-10.258-5.145-14.268-8.924l0.022 0.020c-3.851-3.753-6.964-8.243-9.114-13.245l-0.102-0.268c-2.087-5.074-3.298-10.964-3.298-17.136 0-0.197 0.001-0.394 0.004-0.591l-0 0.030c-0.002-0.162-0.003-0.354-0.003-0.546 0-6.226 1.186-12.174 3.344-17.632l-0.113 0.325c2.048-5.053 5.165-9.639 9.194-13.49 4.074-3.851 8.927-6.856 14.269-8.86 6.099-2.182 12.6-3.25 19.122-3.161 3.339 0 6.634 0.223 9.906 0.735 2.894 0.445 5.743 1.158 8.504 2.159 2.493 0.89 4.897 2.003 7.123 3.384 2.204 1.336 4.274 2.827 6.233 4.452l-3.45 5.276c-0.281 0.485-0.673 0.877-1.143 1.15l-0.015 0.008c-0.466 0.273-1.026 0.438-1.623 0.445l-0.002 0c-0.828-0.019-1.594-0.265-2.244-0.678l0.018 0.011c-1.401-0.724-2.537-1.389-3.637-2.104l0.165 0.1c-1.356-0.826-2.933-1.605-4.578-2.244l-0.208-0.071c-1.832-0.724-4.031-1.377-6.298-1.846l-0.269-0.047c-2.577-0.469-5.543-0.737-8.572-0.737-0.172 0-0.343 0.001-0.514 0.003l0.026-0c-0.127-0.001-0.276-0.002-0.426-0.002-4.785 0-9.367 0.866-13.599 2.45l0.268-0.088c-3.985 1.514-7.569 3.807-10.485 6.745-2.961 3.072-5.231 6.678-6.634 10.618-1.514 4.236-2.389 9.123-2.389 14.214s0.875 9.978 2.483 14.518l-0.094-0.304c1.558 4.007 3.985 7.68 7.123 10.73 2.938 2.938 6.478 5.231 10.418 6.767 4.541 1.469 9.35 2.048 14.136 1.692zM1317.51 645.877h38.957v9.728h-50.866v-85.304h12.199l-0.289 75.576zM1396.981 655.583h-12.199v-85.259h12.199v85.304zM1442.371 570.702c0.73 0.402 1.345 0.924 1.838 1.546l0.009 0.012 52.157 64.312c-0.034-0.456-0.054-0.988-0.054-1.525s0.020-1.069 0.058-1.595l-0.004 0.070v-63.555h10.618v85.638h-6.122c-0.128 0.011-0.276 0.017-0.426 0.017-0.806 0-1.571-0.179-2.256-0.498l0.033 0.014c-0.748-0.436-1.381-0.978-1.905-1.613l-0.010-0.012-52.090-64.223v66.315h-10.195v-85.281h6.344c0.69 0 1.38 0.134 2.003 0.401zM1596.817 570.301v9.394h-43.231v28.16h35.039v9.038h-35.039v29.117h43.231v9.394h-55.786v-85.103h55.786zM318.397 43.498l541.718 145.608v510.264l-541.674-145.519v-510.353zM283.67 0v578.605l611.128 164.33v-578.56l-611.128-164.374z",
          "M611.194 1011.534l-611.194-164.463v-578.56l611.194 164.397v578.627z",
          "M293.799 36.953l534.639 143.783-227.373 215.307-534.706-143.85 227.439-215.263zM283.67 0l-283.67 268.533 611.194 164.397 283.603-268.533-611.128-164.397zM645.587 978.989l249.21-235.965-249.21-67.072v303.037z"
        ],
        "attrs": [
          {
            "fill": "rgb(175, 177, 184)"
          },
          {
            "fill": "rgb(175, 177, 184)"
          },
          {
            "fill": "rgb(175, 177, 184)"
          }
        ],
        "width": 1981,
        "isMulticolor": false,
        "isMulticolor2": false,
        "grid": 0,
        "tags": [
          "logo 6"
        ],
        "colorPermutations": {
          "117117117117517718412552552551331502431": [
            {
              "f": 2
            },
            {
              "f": 2
            },
            {
              "f": 2
            }
          ]
        }
      },
      "attrs": [
        {
          "fill": "rgb(175, 177, 184)"
        },
        {
          "fill": "rgb(175, 177, 184)"
        },
        {
          "fill": "rgb(175, 177, 184)"
        }
      ],
      "properties": {
        "order": 21,
        "id": 11,
        "name": "logo-6",
        "prevSize": 32
      },
      "setIdx": 1,
      "setId": 1,
      "iconIdx": 4
    },
    {
      "icon": {
        "paths": [
          "M97.781 855.759c5.011 6.209 7.669 14.009 7.538 22.005 0.027 0.511 0.042 1.109 0.042 1.711 0 10.368-4.515 19.681-11.686 26.081l-0.034 0.030c-9.739 7.386-21.787 10.981-33.966 10.153h-59.675v-139.547h58.455c0.988-0.070 2.141-0.11 3.304-0.11 10.926 0 21.029 3.521 29.237 9.49l-0.143-0.099c6.975 5.89 11.374 14.64 11.374 24.417 0 0.592-0.016 1.181-0.048 1.765l0.004-0.081c0.349 7.691-2.070 15.251-6.776 21.351-4.554 5.534-10.806 9.369-17.8 10.894 7.909 1.46 15.077 5.665 20.175 11.939zM27.779 834.691h24.946c5.686 0.436 11.329-1.22 15.905-4.641 3.334-3.044 5.417-7.408 5.417-12.259 0-0.486-0.021-0.966-0.062-1.441l0.004 0.062c0.026-0.353 0.040-0.764 0.040-1.178 0-4.891-2.046-9.305-5.328-12.432l-0.007-0.007c-3.968-2.988-8.98-4.785-14.412-4.785-0.686 0-1.366 0.029-2.038 0.085l0.088-0.006h-24.554v36.603zM71.092 888.2c3.648-3.196 5.939-7.863 5.939-13.066 0-0.385-0.013-0.768-0.037-1.147l0.003 0.052c0.019-0.305 0.030-0.662 0.030-1.022 0-5.304-2.34-10.062-6.044-13.297l-0.021-0.018c-4.229-3.176-9.566-5.085-15.35-5.085-0.578 0-1.152 0.019-1.721 0.057l0.077-0.004h-26.166v38.367h26.537c5.97 0.349 11.896-1.351 16.776-4.837zM217.284 915.739l-32.528-54.533h-12.223v54.533h-27.975v-139.547h52.943c1.087-0.081 2.354-0.127 3.632-0.127 12.682 0 24.305 4.534 33.337 12.068l-0.083-0.068c7.853 8.032 12.699 19.034 12.699 31.168 0 10.007-3.296 19.244-8.861 26.685l0.083-0.117c-6.536 7.517-15.447 12.528-25.251 14.162l34.642 55.775h-30.415zM172.533 842.186h22.877c15.905 0 23.835-7.037 23.835-21.134 0.022-0.356 0.034-0.771 0.034-1.19 0-5.638-2.24-10.752-5.878-14.502l0.005 0.005c-4.261-3.581-9.807-5.757-15.861-5.757-0.752 0-1.495 0.034-2.23 0.099l0.095-0.007h-23.16l0.283 42.485zM370.165 887.655h-55.732l-9.848 28.106h-29.326l51.2-138h31.7l50.982 137.979h-29.326l-9.63-28.084zM362.714 866.522l-20.371-58.891-20.371 58.891h40.742zM561.588 915.739h-27.801l-62.268-94.883v94.883h-27.692v-139.547h27.692l62.268 95.428v-95.428h27.779v139.547zM720.068 882.339c-5.827 10.567-14.411 18.99-24.793 24.462l-0.328 0.158c-12.092 6.122-25.513 9.151-39.043 8.78h-49.457v-139.547h49.457c0.634-0.017 1.38-0.027 2.129-0.027 13.439 0 26.134 3.189 37.369 8.851l-0.477-0.218c10.632 5.36 19.391 13.857 25.142 24.336 5.481 10.657 8.694 23.255 8.694 36.603s-3.213 25.946-8.908 37.062l0.214-0.459zM688.281 879.006c7.643-8.898 12.296-20.556 12.296-33.302s-4.653-24.404-12.353-33.37l0.057 0.068c-8.432-7.432-19.571-11.968-31.769-11.968-1.057 0-2.105 0.034-3.145 0.101l0.142-0.007h-19.282v90.33h19.303c0.899 0.060 1.949 0.094 3.006 0.094 12.187 0 23.316-4.527 31.798-11.992l-0.053 0.046zM387.551 0s358.444 135.865 350.862 332.473v332.539s-358.182-135.952-350.687-332.539l-0.174-332.473zM1057.705 587.166c64.16-44.865 141.7-75.061 225.581-84.084l2.161-0.189v-104.099c-95.834 37.802-173.983 103.252-226.607 186.452l-1.135 1.921z",
          "M1017.028 618.518c55.972-111.579 150.181-197.066 265.061-240.422l3.357-1.112v-299.945s-510.475 193.536-499.668 473.502v473.458s22.746-8.65 58.542-24.881c0-15.142 0-30.393 1.612-45.753 11.204-134.582 74.969-252.404 170.454-334.293l0.663-0.555z",
          "M968.508 794.406c2.68-32.833 8.65-65.318 17.866-96.953-65.219 76.824-105.687 176.453-108.099 285.467l-0.009 0.512c41.57-19.993 73.733-37.297 105.156-55.726l-6.982 3.785c-6.101-29.063-9.594-62.458-9.594-96.668 0-14.227 0.604-28.312 1.788-42.232l-0.124 1.815zM988.792 796.106c-1 11.495-1.569 24.873-1.569 38.383 0 30.323 2.871 59.975 8.355 88.7l-0.467-2.94c139.46-83.794 296.176-213.253 290.141-369.686v-13.639c-103.87 12.004-195.423 57.23-265.519 124.614l0.15-0.144c-16.037 39.501-27.097 85.258-30.981 133.043l-0.109 1.667z"
        ],
        "attrs": [
          {
            "fill": "rgb(175, 177, 184)"
          },
          {
            "fill": "rgb(175, 177, 184)"
          },
          {
            "fill": "rgb(175, 177, 184)"
          }
        ],
        "width": 1285,
        "isMulticolor": false,
        "isMulticolor2": false,
        "grid": 0,
        "tags": [
          "logo 5"
        ],
        "colorPermutations": {
          "117117117117517718412552552551331502431": [
            {
              "f": 2
            },
            {
              "f": 2
            },
            {
              "f": 2
            }
          ]
        }
      },
      "attrs": [
        {
          "fill": "rgb(175, 177, 184)"
        },
        {
          "fill": "rgb(175, 177, 184)"
        },
        {
          "fill": "rgb(175, 177, 184)"
        }
      ],
      "properties": {
        "order": 22,
        "id": 10,
        "name": "logo-5",
        "prevSize": 32
      },
      "setIdx": 1,
      "setId": 1,
      "iconIdx": 5
    },
    {
      "icon": {
        "paths": [
          "M295.341 305.533h-0.071c-53.867 0-97.542 42.579-97.542 95.065v0.071c0 52.486 43.675 95.065 97.542 95.065h0.071c53.867 0 97.542-42.579 97.542-95.065v-0.071c0-52.486-43.675-95.041-97.542-95.041zM1015.356 275.17c-0.167-72.942-29.958-142.812-82.873-194.393-52.843-51.557-124.571-80.61-199.394-80.777-74.847 0.143-146.599 29.172-199.537 80.729-52.938 51.581-82.73 121.499-82.873 194.441v402.099s564.629-61.273 564.7-402.051v-0.048zM0 809.246c0.26 53.082 22.298 100.966 57.628 135.216l0.049 0.047c35.856 34.764 84.802 56.207 138.755 56.249l0.008 0c53.95-0.041 102.887-21.475 138.792-56.275l-0.052 0.050c35.377-34.284 57.421-82.148 57.701-135.163l0-0.053v-279.814s-392.883 42.722-392.883 279.766zM196.465 859.374c-0.030 0-0.065 0-0.1 0-10.595 0-20.456-3.145-28.699-8.553l0.199 0.122c-8.363-5.472-14.884-13.135-18.83-22.179l-0.126-0.325c-2.475-5.658-3.916-12.251-3.916-19.181 0-3.461 0.359-6.838 1.042-10.095l-0.056 0.319c2-9.74 6.906-18.67 14.098-25.671 7.027-6.826 16-11.684 26.009-13.663l0.329-0.054c9.978-1.953 20.313-0.953 29.72 2.858 9.407 3.786 17.432 10.216 23.1 18.456 5.428 7.802 8.671 17.476 8.671 27.909 0 6.924-1.429 13.514-4.008 19.491l0.123-0.32c-2.572 6.12-6.358 11.669-11.121 16.336-4.787 4.668-10.478 8.383-16.717 10.907-5.835 2.425-12.613 3.834-19.72 3.834-0.008 0-0.016-0-0.023-0l0.001 0v-0.191zM597.492 828.273h-40.198v41.508h-20.956v-101.543h66.155v16.956h-45.199v26.219h40.174v16.908zM698.082 821.296c0 10.002-1.786 18.765-5.311 26.314-3.524 7.525-8.597 13.336-15.217 17.432-6.212 3.862-13.751 6.151-21.825 6.151-0.272 0-0.544-0.003-0.815-0.008l0.041 0.001c-8.406 0-15.932-2.024-22.528-6.073-6.677-4.176-11.94-10.058-15.255-17.044l-0.105-0.245c-3.477-7.352-5.508-15.972-5.508-25.067 0-0.313 0.002-0.626 0.007-0.938l-0.001 0.047v-5.049c0-10.002 1.786-18.813 5.382-26.386 3.62-7.62 8.716-13.455 15.265-17.503 6.596-4.096 14.145-6.144 22.623-6.144 8.454 0 15.955 2.048 22.528 6.144 6.596 4.048 11.669 9.883 15.265 17.503 3.62 7.597 5.453 16.36 5.453 26.314v4.525zM676.888 816.7c0-10.645-1.929-18.742-5.739-24.29-3.391-5.036-9.072-8.305-15.516-8.305-0.289 0-0.575 0.007-0.861 0.020l0.040-0.001c-0.23-0.010-0.5-0.016-0.771-0.016-6.419 0-12.080 3.248-15.428 8.19l-0.042 0.065c-3.81 5.43-5.763 13.431-5.811 23.981v4.953c0 10.383 1.905 18.432 5.715 24.147s9.311 8.573 16.479 8.573c0.247 0.012 0.536 0.019 0.827 0.019 6.384 0 12.011-3.241 15.325-8.168l0.042-0.066c3.763-5.549 5.668-13.574 5.715-24.147v-4.953zM765.952 843.133c0.010-0.171 0.015-0.371 0.015-0.572 0-3.448-1.639-6.513-4.181-8.458l-0.026-0.019c-2.786-2.143-7.811-4.382-15.050-6.716-6.698-2.083-12.407-4.45-17.848-7.263l0.607 0.285c-11.526-6.239-17.313-14.622-17.313-25.171 0-5.477 1.548-10.383 4.62-14.669 3.096-4.31 7.549-7.692 13.336-10.121 5.811-2.405 12.312-3.62 19.527-3.62 7.239 0 13.717 1.334 19.385 3.977 5.692 2.62 10.073 6.311 13.193 11.097 3.167 4.787 4.763 10.24 4.763 16.336h-20.956c0-4.668-1.453-8.263-4.382-10.812-2.929-2.62-7.049-3.929-12.359-3.929-5.12 0-9.097 1.095-11.907 3.286-2.609 1.86-4.289 4.876-4.289 8.284 0 0.085 0.001 0.169 0.003 0.254l-0-0.012c0 3.286 1.667 6.049 4.953 8.287 3.358 2.239 8.263 4.334 14.741 6.287 11.907 3.572 20.575 8.025 26.005 13.336 5.453 5.287 8.168 11.907 8.168 19.789 0 8.811-3.334 15.717-9.978 20.718-6.668 5.001-15.598 7.478-26.862 7.478-7.811 0-14.931-1.429-21.337-4.263-6.032-2.567-11.015-6.609-14.647-11.684l-0.070-0.104c-3.152-4.698-5.030-10.481-5.030-16.702 0-0.206 0.002-0.412 0.006-0.617l-0 0.031h20.98c0 11.193 6.716 16.813 20.099 16.813 5.001 0 8.859-1 11.669-3.001 2.541-1.827 4.176-4.776 4.176-8.106 0-0.148-0.003-0.294-0.010-0.441l0.001 0.021zM877.639 785.17h-31.101v84.611h-20.932v-84.611h-30.696v-16.956h82.753v16.956zM950.772 825.773h-40.198v27.196h47.175v16.813h-68.108v-101.543h67.965v16.956h-47.033v24.195h40.198v16.408zM1007.64 832.607h-16.67v37.174h-20.956v-101.543h37.769c11.978 0 21.242 2.667 27.767 8.025 6.501 5.334 9.764 12.907 9.764 22.671 0 6.906-1.524 12.717-4.525 17.384-3.37 4.875-7.998 8.66-13.42 10.927l-0.202 0.075 21.98 41.508v0.976h-22.48l-19.051-37.174zM990.97 815.652h16.884c5.239 0 9.311-1.334 12.193-3.977 2.688-2.627 4.354-6.289 4.354-10.34 0-0.266-0.007-0.531-0.021-0.794l0.002 0.037c0-4.787-1.381-8.573-4.12-11.288-2.691-2.762-6.858-4.12-12.479-4.12h-16.836v30.482zM1117.803 833.988v35.792h-20.956v-101.543h39.65c7.62 0 14.312 1.381 20.099 4.191 5.811 2.786 10.264 6.763 13.383 11.907 3.12 5.12 4.668 10.954 4.668 17.527 0 9.954-3.405 17.813-10.24 23.576-6.787 5.715-16.193 8.573-28.267 8.573h-18.337zM1117.803 817.057h18.694c5.525 0 9.74-1.31 12.621-3.929 2.929-2.596 4.406-6.311 4.406-11.145 0.010-0.218 0.016-0.473 0.016-0.729 0-4.381-1.681-8.37-4.432-11.356l0.011 0.012c-2.929-3.072-6.977-4.644-12.145-4.763h-19.17v31.911zM1250.209 825.773h-40.174v27.196h47.152v16.813h-68.108v-101.543h67.965v16.956h-47.009v24.195h40.174v16.408zM1347.322 785.17h-31.101v84.611h-20.956v-84.611h-30.672v-16.956h82.73v16.956zM1420.431 825.773h-40.174v27.196h47.152v16.813h-68.084v-101.543h67.965v16.956h-47.033v24.195h40.198v16.408zM1477.299 832.607h-16.67v37.174h-20.932v-101.543h37.745c12.002 0 21.266 2.667 27.767 8.025 6.525 5.334 9.764 12.907 9.764 22.671 0 6.906-1.5 12.717-4.525 17.384-3.365 4.871-7.985 8.655-13.397 10.927l-0.201 0.075 21.956 41.508v0.976h-22.457l-19.051-37.174zM1460.629 815.652h16.908c5.239 0 9.287-1.334 12.193-3.977 2.674-2.625 4.331-6.278 4.331-10.318 0-0.274-0.008-0.547-0.023-0.817l0.002 0.038c0-4.787-1.357-8.573-4.096-11.288-2.715-2.762-6.858-4.12-12.502-4.12h-16.813v30.482zM1583.628 843.133c0.010-0.171 0.015-0.371 0.015-0.572 0-3.448-1.639-6.513-4.181-8.458l-0.026-0.019c-2.786-2.143-7.811-4.382-15.050-6.716-6.698-2.082-12.407-4.449-17.847-7.262l0.606 0.285c-11.526-6.239-17.313-14.622-17.313-25.171 0-5.477 1.548-10.383 4.62-14.669 3.096-4.31 7.549-7.692 13.336-10.121 5.787-2.405 12.312-3.62 19.527-3.62 7.239 0 13.717 1.334 19.385 3.977 5.668 2.62 10.073 6.311 13.193 11.097 3.167 4.787 4.739 10.24 4.739 16.336h-20.932c0-4.668-1.453-8.263-4.382-10.812-2.953-2.62-7.049-3.929-12.359-3.929-5.12 0-9.097 1.095-11.931 3.286-2.595 1.862-4.266 4.87-4.266 8.268 0 0.091 0.001 0.181 0.004 0.271l-0-0.013c0 3.286 1.667 6.049 4.953 8.287 3.358 2.239 8.263 4.334 14.717 6.287 11.907 3.572 20.599 8.025 26.029 13.336 5.453 5.287 8.168 11.907 8.168 19.789 0 8.811-3.334 15.717-9.978 20.718-6.668 5.001-15.598 7.478-26.862 7.478-7.811 0-14.931-1.429-21.337-4.263-6.032-2.568-11.014-6.61-14.647-11.684l-0.070-0.103c-3.152-4.698-5.030-10.481-5.030-16.702 0-0.206 0.002-0.412 0.006-0.617l-0 0.031h20.98c0 11.193 6.716 16.813 20.099 16.813 5.001 0 8.859-1 11.669-3.001 2.541-1.827 4.176-4.776 4.176-8.106 0-0.148-0.003-0.294-0.010-0.441l0.001 0.021z"
        ],
        "attrs": [
          {
            "fill": "rgb(33, 150, 243)"
          }
        ],
        "width": 1905,
        "isMulticolor": false,
        "isMulticolor2": false,
        "grid": 0,
        "tags": [
          "logo 4"
        ],
        "colorPermutations": {
          "117117117117517718412552552551331502431": [
            {
              "f": 1
            }
          ]
        }
      },
      "attrs": [
        {
          "fill": "rgb(33, 150, 243)"
        }
      ],
      "properties": {
        "order": 23,
        "id": 9,
        "name": "logo-4",
        "prevSize": 32
      },
      "setIdx": 1,
      "setId": 1,
      "iconIdx": 6
    },
    {
      "icon": {
        "paths": [
          "M151.1 995.304c0.744 0.019 1.414 0.324 1.905 0.81l-0-0 4.906 5.144c-3.81 4.144-8.502 7.478-13.788 9.74-6.192 2.477-12.836 3.667-19.527 3.501-0.294 0.007-0.641 0.010-0.989 0.010-6.259 0-12.238-1.201-17.718-3.386l0.323 0.114c-10.622-4.283-18.813-12.7-22.701-23.205l-0.089-0.276c-1.964-5.235-3.1-11.285-3.1-17.6 0-0.234 0.002-0.468 0.005-0.701l-0 0.035c-0.004-0.22-0.006-0.479-0.006-0.739 0-6.335 1.226-12.383 3.454-17.92l-0.115 0.323c2.143-5.287 5.382-10.121 9.526-14.217 4.167-4.048 9.168-7.192 14.693-9.287 6.025-2.239 12.455-3.334 18.908-3.263 6.025-0.143 12.002 0.857 17.599 2.977 4.834 2 9.287 4.763 13.169 8.216l-4.12 5.477c-0.29 0.394-0.637 0.726-1.033 0.991l-0.015 0.009c-0.407 0.273-0.908 0.436-1.447 0.436-0.069 0-0.137-0.003-0.205-0.008l0.009 0.001c-0.669-0.046-1.28-0.262-1.8-0.604l0.014 0.009-2.191-1.453-3.072-1.881c-2.796-1.485-6.041-2.621-9.467-3.233l-0.202-0.030c-2.011-0.367-4.326-0.576-6.689-0.576-0.21 0-0.42 0.002-0.629 0.005l0.032-0c-0.149-0.002-0.324-0.003-0.499-0.003-4.711 0-9.213 0.893-13.346 2.518l0.248-0.086c-4.16 1.621-7.713 3.965-10.67 6.907l0.001-0.001c-3.048 3.167-5.406 6.906-6.906 10.954-1.738 4.644-2.596 9.549-2.524 14.479-0.071 5.001 0.786 10.002 2.524 14.717 1.476 4.025 3.81 7.74 6.787 10.907 2.81 2.977 6.287 5.287 10.169 6.787 4.001 1.572 8.287 2.381 12.621 2.334 2.5 0.024 5.001-0.119 7.478-0.476 4.048-0.476 7.906-1.81 11.335-3.905 1.715-1.072 3.334-2.286 4.834-3.62 0.61-0.559 1.415-0.915 2.303-0.952l0.007-0zM292.602 969.466c0.071 6.192-1.048 12.383-3.31 18.17-2.133 5.515-5.266 10.215-9.21 14.092l-0.006 0.005c-4.019 3.939-8.84 7.077-14.193 9.143l-0.285 0.097c-5.54 2.071-11.941 3.269-18.623 3.269s-13.083-1.198-19.001-3.392l0.378 0.123c-5.599-2.204-10.385-5.353-14.389-9.293l0.006 0.006c-3.948-3.941-7.105-8.673-9.213-13.938l-0.099-0.279c-2.095-5.4-3.309-11.649-3.309-18.182s1.214-12.782 3.429-18.535l-0.119 0.353c2.072-5.311 5.239-10.169 9.287-14.288 4.022-3.8 8.816-6.833 14.116-8.834l0.292-0.097c5.535-2.107 11.936-3.328 18.623-3.328s13.087 1.22 18.993 3.45l-0.37-0.123c5.43 2.096 10.359 5.239 14.455 9.287 4.048 4.048 7.168 8.811 9.24 14.050 2.262 5.834 3.405 12.026 3.334 18.265zM279.743 969.466c0.004-0.228 0.007-0.498 0.007-0.767 0-4.947-0.858-9.693-2.432-14.099l0.091 0.292c-2.769-8.202-8.901-14.623-16.713-17.721l-0.195-0.068c-4.026-1.516-8.68-2.394-13.538-2.394s-9.512 0.878-13.811 2.483l0.273-0.089c-8.026 3.155-14.177 9.578-16.896 17.586l-0.060 0.203c-3.096 9.526-3.096 19.694 0 29.196 2.776 8.2 8.929 14.611 16.761 17.674l0.195 0.067c8.74 3.096 18.337 3.096 27.076 0 3.953-1.524 7.478-3.858 10.359-6.835 2.929-3.191 5.168-6.906 6.549-10.907 1.667-4.715 2.429-9.645 2.334-14.598zM389.12 984.778l1.31 3.263c0.476-1.167 0.905-2.215 1.405-3.263 0.548-1.286 1.082-2.342 1.674-3.361l-0.078 0.146 31.292-54.201c0.619-0.953 1.191-1.524 1.786-1.691 0.636-0.19 1.367-0.299 2.123-0.299 0.158 0 0.315 0.005 0.47 0.014l-0.021-0.001h9.24v88.159h-10.954v-67.56c-0.028-0.455-0.043-0.988-0.043-1.524s0.016-1.069 0.047-1.597l-0.003 0.073-31.482 54.986c-0.423 0.841-1.058 1.521-1.836 1.988l-0.022 0.012c-0.748 0.449-1.651 0.715-2.616 0.715-0.026 0-0.053-0-0.079-0.001l0.004 0h-1.762c-0.953 0.024-1.905-0.238-2.691-0.714-0.792-0.48-1.419-1.161-1.821-1.973l-0.012-0.028-32.411-55.344v70.799h-10.597v-87.993h9.24c0.134-0.008 0.291-0.013 0.449-0.013 0.756 0 1.487 0.109 2.178 0.313l-0.054-0.014c0.754 0.356 1.349 0.943 1.705 1.67l0.009 0.021 31.982 54.272c0.574 0.897 1.109 1.931 1.549 3.014l0.046 0.129zM506.928 980.42v33.006h-12.24v-88.016h27.315c0.31-0.006 0.676-0.010 1.043-0.010 5.052 0 9.941 0.699 14.575 2.006l-0.377-0.091c3.977 1.072 7.644 2.953 10.788 5.477 2.715 2.381 4.81 5.358 6.12 8.644 1.429 3.596 2.143 7.43 2.096 11.264 0.048 3.858-0.714 7.692-2.286 11.264-1.556 3.502-3.792 6.448-6.56 8.781l-0.036 0.030c-3.049 2.573-6.674 4.573-10.645 5.779l-0.214 0.056c-4.763 1.453-9.764 2.143-14.765 2.048l-14.812-0.238zM506.928 970.943h14.836c3.215 0.048 6.43-0.405 9.478-1.334 2.643-0.863 4.927-2.163 6.886-3.834l-0.028 0.023c1.79-1.563 3.206-3.507 4.129-5.708l0.038-0.102c0.934-2.124 1.478-4.6 1.478-7.202 0-0.080-0.001-0.16-0.002-0.24l0 0.012c0.016-0.266 0.025-0.576 0.025-0.889 0-2.259-0.464-4.409-1.303-6.36l0.040 0.105c-1.012-2.376-2.465-4.386-4.271-6.011l-0.015-0.014c-4.031-3.003-9.11-4.808-14.61-4.808-0.65 0-1.293 0.025-1.93 0.075l0.084-0.005h-14.836v36.292zM671.577 1013.546h-9.668c-0.058 0.003-0.126 0.004-0.194 0.004-0.947 0-1.822-0.305-2.533-0.823l0.012 0.009c-0.683-0.539-1.224-1.226-1.582-2.014l-0.014-0.034-8.335-21.29h-41.817l-8.644 21.29c-0.336 0.801-0.858 1.468-1.513 1.968l-0.012 0.008c-0.717 0.551-1.627 0.884-2.615 0.884-0.052 0-0.104-0.001-0.155-0.003l0.007 0h-9.668l36.745-88.183h12.74l37.245 88.183zM610.947 980.801h34.53l-14.574-35.888c-0.973-2.258-1.918-5.017-2.666-7.856l-0.097-0.431-1.405 4.62c-0.481 1.575-0.935 2.816-1.441 4.028l0.107-0.29-14.455 35.816zM724.492 925.767c0.738 0.405 1.381 0.953 1.857 1.596l53.581 66.441v-68.417h10.954v88.183h-6.12c-0.047 0.001-0.102 0.002-0.158 0.002-0.851 0-1.657-0.194-2.375-0.54l0.033 0.014c-0.767-0.433-1.414-0.982-1.943-1.631l-0.010-0.012-53.558-66.393c0.071 1 0.071 2.024 0 3.024v65.56h-10.954v-88.207h6.501c0.762 0 1.5 0.119 2.191 0.405zM881.188 978.468v35.007h-12.264v-35.007l-33.863-53.105h10.954c0.074-0.005 0.159-0.007 0.246-0.007 0.9 0 1.732 0.288 2.41 0.778l-0.012-0.008c0.662 0.561 1.217 1.222 1.648 1.965l0.019 0.036 21.194 34.244c0.833 1.453 1.572 2.81 2.191 4.096 0.619 1.262 1.095 2.5 1.524 3.715l1.596-3.786c0.682-1.572 1.382-2.894 2.171-4.154l-0.076 0.13 20.885-34.483c0.46-0.717 0.987-1.335 1.587-1.874l0.008-0.007c0.655-0.537 1.501-0.862 2.423-0.862 0.069 0 0.138 0.002 0.206 0.005l-0.010-0h11.097l-33.935 53.343zM383.071 777.383c5.334 0.643 10.716 1.191 16.193 1.643 82.634-35.245 152.552-92.874 200.99-165.745 48.461-72.871 73.276-157.744 71.394-243.998l-91.088-86.778c6.039 28.609 9.497 61.481 9.497 95.161 0 64.478-12.673 125.996-35.665 182.199l1.163-3.214c-34.887 87.397-94.613 163.84-172.484 220.755z",
          "M350.541 773.358l2.453 0.476c83.206-56.725 146.67-135.906 182.129-227.328 20.068-50.056 31.708-108.084 31.708-168.83 0-41.474-5.426-81.68-15.606-119.948l0.735 3.248-129.738-123.571c40.619 76.688 64.465 167.643 64.465 264.167 0 22.444-1.289 44.588-3.798 66.36l0.249-2.656c-12.693 112.592-58.678 219.422-132.596 308.105zM790.528 471.183c-22.028 94.78-75.562 180.224-152.647 243.712-21.272 17.708-44.992 34.117-70.117 48.333l-2.396 1.247c65.253-18.486 121.736-49.782 169.106-91.234l-0.503 0.431c46.896-41.006 84.008-91.986 108.19-149.725l0.997-2.684-52.629-50.081z",
          "M769.905 457.228l-74.919-71.37c-1.698 85.788-27.693 165.174-71.355 231.964l1.032-1.683c-44.604 69.418-107.925 126.19-183.344 164.388h0.381c16.813 0 33.578-0.953 50.295-2.858 72.019-28.273 132.787-71.595 180.768-126.396l0.457-0.532c46.522-53.135 80.38-118.518 96.162-190.663l0.523-2.85zM361.401 85.254l-89.374-85.254c-79.896 29.41-148.599 81.11-197.132 148.361-48.533 67.227-74.657 146.861-74.895 228.447 0.31 90.183 32.149 177.652 90.517 248.641 58.368 70.966 139.907 121.38 231.734 143.241 81.968-95.137 129.953-212.706 137.002-335.61 7.025-122.904-27.243-244.736-97.875-347.827zM976.372 444.106c-0.333-106.972-45.080-209.491-124.476-285.124-79.396-75.657-186.987-118.284-299.27-118.593-51.891-0.048-103.353 9.073-151.719 26.91l547.173 521.287c17.895-42.713 28.291-92.35 28.291-144.415 0-0.014-0-0.029-0-0.043l0 0.002z"
        ],
        "attrs": [
          {
            "fill": "rgb(175, 177, 184)"
          },
          {
            "fill": "rgb(175, 177, 184)"
          },
          {
            "fill": "rgb(175, 177, 184)"
          }
        ],
        "width": 976,
        "isMulticolor": false,
        "isMulticolor2": false,
        "grid": 0,
        "tags": [
          "logo 3"
        ],
        "colorPermutations": {
          "117117117117517718412552552551331502431": [
            {
              "f": 2
            },
            {
              "f": 2
            },
            {
              "f": 2
            }
          ]
        }
      },
      "attrs": [
        {
          "fill": "rgb(175, 177, 184)"
        },
        {
          "fill": "rgb(175, 177, 184)"
        },
        {
          "fill": "rgb(175, 177, 184)"
        }
      ],
      "properties": {
        "order": 24,
        "id": 8,
        "name": "logo-3",
        "prevSize": 32
      },
      "setIdx": 1,
      "setId": 1,
      "iconIdx": 7
    },
    {
      "icon": {
        "paths": [
          "M334.316 57.797h2.698c4.982 0 10.358 0.492 15.675 0.945 23.493 1.654 46.809 5.179 69.75 10.516v-56.379c-20.862-5.5-45.43-9.584-70.621-11.421l-1.354-0.079c-8.131-0.639-18.256-1.135-28.446-1.367l-0.659-0.012h-8.409c-48.738 0.197-97.28 6.439-144.463 18.629-53.76 13.391-105.374 34.402-153.285 62.346v559.202c41.991-23.334 90.622-42.84 141.797-56.007l4.32-0.943c35.934-9.591 77.867-16.31 120.945-18.75l1.679-0.076h1.654c6.932-0.354 13.844-0.551 20.972-0.591v-57.305c-56.96 0.759-111.783 8.442-164.121 22.245l4.712-1.056c-19.298 5.022-37.908 10.437-55.394 16.423l-19.929 6.774v-436.027l8.507-4.096c60.483-29.385 131.070-48.403 205.595-52.764l1.509-0.071c0.265-0.020 0.574-0.032 0.886-0.032s0.621 0.012 0.927 0.034l-0.041-0.002c7.936-0.394 15.911-0.591 23.729-0.591h8.96c4.135 0.098 8.271 0.197 12.406 0.453z",
          "M474.782 116.834c-0.149 0-0.325 0-0.501 0-29.268 0-57.961-2.464-85.883-7.196l3.007 0.421c-8.862-1.497-17.585-3.308-26.053-5.258v552.802c35.84 8.862 72.665 13.194 109.588 12.918 51.43-0.218 101.182-6.987 148.594-19.513l-4.111 0.923c58.132-14.757 109.186-36.134 156.055-63.839l-2.73 1.493v-549.218c-41.968 23.303-90.574 42.813-141.715 56.018l-4.343 0.952c-49.625 12.761-100.667 19.298-151.887 19.495zM695.828 126.385l19.929-6.695v436.145l-8.527 4.116c-28.891 14.159-62.793 26.686-98.076 35.779l-3.793 0.829c-42.594 11.028-86.37 16.679-130.363 16.876-13.154 0-26.191-0.551-38.853-1.654l-13.647-1.201v-448.551l15.892 1.063c11.559 0.748 23.513 1.103 36.51 1.103 58.908-0.216 115.914-7.947 170.238-22.284l-4.704 1.055c18.59-4.923 37.061-10.417 55.394-16.581zM53.898 831.252c-5.351-5.539-12.845-8.978-21.142-8.978-0.363 0-0.724 0.007-1.084 0.020l0.052-0.001c-0.132-0.002-0.287-0.003-0.442-0.003-4.454 0-8.701 0.884-12.576 2.486l0.219-0.080c-7.57 3.035-13.436 8.965-16.317 16.384l-0.067 0.196c-1.575 3.938-2.343 8.133-2.284 12.367v74.713c-0.197 5.258 0.827 10.496 2.934 15.321 1.772 3.84 4.313 7.247 7.483 10.023 2.974 2.501 6.479 4.332 10.24 5.317 3.643 1.004 7.404 1.536 11.166 1.536 4.155 0.039 8.271-0.847 12.052-2.599 11.216-4.979 18.898-16.016 18.905-28.848l0-0.001v-8.35h-19.554v6.656c0.004 0.134 0.006 0.292 0.006 0.45 0 2.231-0.421 4.365-1.189 6.324l0.041-0.118c-0.667 1.651-1.629 3.055-2.832 4.21l-0.004 0.004c-2.239 1.74-5.076 2.807-8.161 2.855l-0.011 0c-0.343 0.042-0.74 0.066-1.143 0.066-3.282 0-6.192-1.597-7.994-4.056l-0.019-0.028c-1.642-2.635-2.615-5.834-2.615-9.26 0-0.261 0.006-0.522 0.017-0.78l-0.001 0.037v-69.671c-0.118-3.86 0.709-7.68 2.402-11.166 1.805-2.771 4.888-4.577 8.393-4.577 0.408 0 0.81 0.024 1.205 0.072l-0.048-0.005c0.11-0.004 0.24-0.007 0.37-0.007 3.414 0 6.443 1.649 8.334 4.193l0.020 0.028c2.019 2.635 3.235 5.977 3.235 9.604 0 0.148-0.002 0.295-0.006 0.441l0-0.022v6.459h19.338v-7.621c0.001-0.101 0.002-0.22 0.002-0.339 0-4.582-0.875-8.96-2.468-12.975l0.083 0.238c-1.532-4.084-3.752-7.583-6.55-10.529l0.013 0.013zM169.925 830.425c-5.954-5.066-13.715-8.169-22.2-8.231l-0.013-0c-3.978 0-7.936 0.729-11.658 2.107-8.059 2.891-14.422 8.818-17.822 16.367l-0.078 0.194c-1.969 4.549-2.954 9.492-2.855 14.474v71.641c-0.138 5.041 0.847 10.043 2.836 14.671 1.772 3.86 4.352 7.286 7.582 10.023 2.993 2.757 6.498 4.923 10.319 6.302 3.742 1.378 7.68 2.087 11.658 2.107 8.533-0.021 16.318-3.204 22.249-8.44l-0.036 0.032c3.111-2.796 5.632-6.203 7.365-10.023 2.009-4.608 2.974-9.63 2.836-14.671v-71.66c0.004-0.199 0.006-0.433 0.006-0.668 0-4.983-1.046-9.722-2.93-14.009l0.088 0.224c-1.821-4.091-4.305-7.57-7.351-10.463l-0.014-0.013zM160.807 926.996c0.031 0.335 0.049 0.724 0.049 1.118 0 3.633-1.504 6.915-3.924 9.257l-0.004 0.003c-2.469 2.080-5.685 3.344-9.196 3.344s-6.727-1.264-9.218-3.362l0.022 0.018c-2.424-2.339-3.929-5.616-3.929-9.245 0-0.399 0.018-0.794 0.054-1.183l-0.004 0.050v-71.66c-0.030-0.329-0.047-0.713-0.047-1.1 0-3.632 1.504-6.914 3.923-9.255l0.003-0.003c2.469-2.080 5.685-3.344 9.196-3.344s6.727 1.264 9.218 3.362l-0.022-0.018c2.423 2.336 3.929 5.61 3.929 9.235 0 0.395-0.018 0.786-0.053 1.172l0.004-0.050v71.68zM322.304 959.015v-135.68h-18.767l-24.674 71.818h-0.335l-24.871-71.798h-18.57v135.641h19.377v-82.511h0.354l18.964 58.329h9.669l19.141-58.329h0.335v82.511h19.377zM432.404 832.866c-2.974-3.348-6.754-5.908-10.949-7.424-3.977-1.34-8.556-2.114-13.316-2.114-0.262 0-0.523 0.002-0.783 0.007l0.039-0.001h-28.79v135.68h19.318v-52.992h9.964c6.046 0.276 12.032-1.004 17.447-3.702 4.434-2.497 8.027-6.015 10.543-10.248l0.071-0.13c2.225-3.604 3.742-7.621 4.431-11.815 0.669-4.269 1.051-9.192 1.051-14.205 0-0.427-0.003-0.853-0.008-1.278l0.001 0.064c0.197-6.498-0.453-13.036-1.89-19.377-1.368-4.884-3.838-9.082-7.135-12.472l0.006 0.007zM422.439 874.22c-0.089 2.591-0.741 5.011-1.837 7.167l0.045-0.097c-1.12 2.083-2.835 3.722-4.917 4.718l-0.065 0.028c-2.385 1.098-5.176 1.739-8.116 1.739-0.352 0-0.703-0.009-1.051-0.027l0.049 0.002h-8.822v-46.119h9.964c0.276-0.015 0.6-0.023 0.926-0.023 2.829 0 5.511 0.633 7.911 1.765l-0.113-0.048c1.994 1.162 3.557 2.877 4.501 4.934l0.028 0.068c1.063 2.383 1.634 4.962 1.694 7.562v9.019c0 3.151 0.197 6.42 0 9.314h-0.197zM523.973 823.335h-15.852l-29.893 135.68h19.338l5.671-29.145h26.348l5.691 29.145h19.318l-30.622-135.68zM506.132 911.38l9.511-49.172h0.354l9.452 49.172h-19.318zM648.862 905.058h-0.354l-29.204-81.723h-18.57v135.68h19.338v-81.585h0.394l29.538 81.566h18.176v-135.641h-19.318v81.723zM766.976 823.335l-15.557 53.957h-0.394l-15.557-53.957h-20.441l26.565 78.336v57.324h19.318v-57.324l26.545-78.316h-20.48zM0 997.317h9.314v26.132h6.321v-26.151h9.255v-5.356h-24.891v5.376zM78.316 991.941l-12.209 31.508h6.715l2.599-7.168h12.544l2.698 7.168h6.892l-12.524-31.508h-6.715zM77.332 1010.983l4.273-11.678 4.273 11.678h-8.566zM155.727 1011.83h7.286v4.057c-2.030 1.641-4.638 2.64-7.479 2.658l-0.004 0c-0.135 0.008-0.293 0.013-0.451 0.013-2.524 0-4.774-1.176-6.232-3.009l-0.013-0.016c-1.466-2.094-2.343-4.694-2.343-7.5 0-0.251 0.007-0.499 0.021-0.746l-0.002 0.034c0-7.010 3.033-10.516 9.058-10.516 0.205-0.022 0.442-0.035 0.683-0.035 3.104 0 5.711 2.132 6.436 5.011l0.010 0.046 6.223-1.221c-1.339-6.144-5.77-9.255-13.351-9.255-0.125-0.004-0.272-0.006-0.419-0.006-4.078 0-7.796 1.542-10.603 4.075l0.014-0.012c-2.825 2.787-4.574 6.657-4.574 10.936 0 0.413 0.016 0.823 0.048 1.228l-0.003-0.054c-0.010 0.217-0.015 0.473-0.015 0.729 0 4.236 1.532 8.115 4.073 11.111l-0.021-0.025c2.782 2.874 6.675 4.658 10.985 4.658 0.341 0 0.679-0.011 1.014-0.033l-0.046 0.002c0.153 0.004 0.332 0.007 0.512 0.007 4.962 0 9.478-1.912 12.851-5.040l-0.012 0.011v-12.406h-13.647v5.317zM234.791 991.941h-6.38v31.508h22.055v-5.356h-15.675v-26.151zM301.647 991.941h-6.38v31.508h6.38v-31.508zM367.006 1012.972l-12.918-21.031h-6.164v31.508h5.908v-20.578l12.662 20.578h6.341v-31.508h-5.829v21.051zM426.082 1009.566h15.695v-5.356h-15.695v-6.892h16.876v-5.376h-23.257v31.508h23.906v-5.356h-17.526v-8.527zM569.344 1004.367h-12.406v-12.406h-6.321v31.488h6.321v-13.785h12.406v13.785h6.341v-31.508h-6.341v12.426zM628.775 1009.566h15.754v-5.356h-15.754v-6.892h16.935v-5.376h-23.237v31.508h23.867v-5.356h-17.526v-8.527zM709.376 1009.585c5.494-0.866 8.271-3.761 8.271-8.763 0.033-0.265 0.052-0.572 0.052-0.884 0-2.514-1.23-4.741-3.122-6.112l-0.022-0.015c-2.327-1.194-5.076-1.893-7.989-1.893-0.432 0-0.86 0.015-1.284 0.046l0.057-0.003h-13.351v31.488h6.341v-13.174h1.241c0.151-0.010 0.327-0.015 0.504-0.015 1.243 0 2.423 0.267 3.488 0.746l-0.054-0.022c0.926 0.571 1.694 1.359 2.245 2.304l6.873 10.004h7.562l-3.84-6.144c-1.734-3.075-4.081-5.611-6.894-7.512l-0.077-0.049zM702.996 1005.214h-4.667v-7.897h4.982c0.399-0.034 0.863-0.054 1.332-0.054 1.818 0 3.568 0.293 5.205 0.836l-0.117-0.034c0.846 0.76 1.375 1.858 1.375 3.079 0 1.355-0.652 2.559-1.66 3.313l-0.011 0.008c-1.573 0.499-3.382 0.787-5.259 0.787-0.415 0-0.828-0.014-1.236-0.042l0.055 0.003zM770.166 1009.566h15.675v-5.356h-15.695v-6.892h16.935v-5.376h-23.296v31.508h23.906v-5.356h-17.526v-8.527z"
        ],
        "attrs": [
          {
            "fill": "rgb(175, 177, 184)"
          },
          {
            "fill": "rgb(175, 177, 184)"
          }
        ],
        "width": 788,
        "isMulticolor": false,
        "isMulticolor2": false,
        "grid": 0,
        "tags": [
          "logo 2"
        ],
        "colorPermutations": {
          "117117117117517718412552552551331502431": [
            {
              "f": 2
            },
            {
              "f": 2
            }
          ]
        }
      },
      "attrs": [
        {
          "fill": "rgb(175, 177, 184)"
        },
        {
          "fill": "rgb(175, 177, 184)"
        }
      ],
      "properties": {
        "order": 25,
        "id": 7,
        "name": "logo-2",
        "prevSize": 32
      },
      "setIdx": 1,
      "setId": 1,
      "iconIdx": 8
    },
    {
      "icon": {
        "paths": [
          "M122.88 0l149.668 141.681h417.464v395.223l149.668 141.681v-678.584h-716.8z",
          "M0 135.7v659.21h696.32v-262.021l-419.369-397.025-276.951-0.164zM563.671 698.491h-453.489v-443.372h32.051v413.348h421.437v30.003zM200.52 917.176l16.753-34.509h14.008l-24.433 45.998v26.808h-12.698v-26.808l-24.433-45.978h14.049l16.753 34.509zM272.404 938.516h-28.18l-5.898 16.957h-13.148l27.484-72.806h11.366l27.546 72.806h-13.21l-5.939-16.957zM247.767 928.317h21.094l-10.547-30.208-10.547 30.208zM322.273 935.813c0-3.359 0.922-6.451 2.744-9.236 1.843-2.847 5.448-6.185 10.854-10.056-2.224-2.647-4.2-5.631-5.818-8.828l-0.122-0.265c-1.007-2.125-1.614-4.611-1.659-7.234l-0-0.016c0-5.714 1.72-10.199 5.202-13.517 3.461-3.318 8.131-4.997 13.988-4.997 5.325 0 9.626 1.577 13.005 4.71 3.4 3.092 5.12 6.963 5.12 11.551 0 0.026 0 0.056 0 0.086 0 3.071-0.861 5.94-2.355 8.381l0.040-0.070c-2.029 3.027-4.544 5.555-7.461 7.537l-0.096 0.061-4.956 3.604 14.070 16.589c2.028-3.994 3.031-8.438 3.031-13.332h10.547c0 8.95-2.089 16.302-6.287 22.036l10.691 12.657h-14.090l-4.096-4.854c-4.929 3.665-11.135 5.867-17.856 5.867-0.267 0-0.534-0.003-0.8-0.010l0.039 0.001c-7.188 0-12.964-1.905-17.285-5.714-3.971-3.515-6.462-8.624-6.462-14.315 0-0.223 0.004-0.446 0.011-0.667l-0.001 0.032zM346.378 946.77c4.096 0 7.926-1.372 11.489-4.096l-15.892-18.76-1.556 1.106c-3.994 3.031-6.001 6.492-6.001 10.404 0 3.359 1.085 6.103 3.256 8.192 2.127 1.964 4.981 3.168 8.117 3.168 0.207 0 0.412-0.005 0.616-0.016l-0.029 0.001zM339.661 899.871c0 2.806 1.72 6.308 5.161 10.547l5.53-3.789 1.577-1.249c1.902-1.661 3.096-4.090 3.096-6.798 0-0.094-0.001-0.188-0.004-0.281l0 0.014c0-0.018 0-0.040 0-0.061 0-1.896-0.829-3.599-2.144-4.766l-0.007-0.006c-1.352-1.271-3.178-2.053-5.186-2.053-0.092 0-0.184 0.002-0.275 0.005l0.013-0c-0.094-0.004-0.205-0.007-0.316-0.007-2.121 0-4.025 0.926-5.33 2.396l-0.006 0.007c-1.315 1.535-2.115 3.544-2.115 5.74 0 0.106 0.002 0.212 0.006 0.317l-0-0.015zM471.921 931.779c-0.737 7.762-3.604 13.824-8.602 18.186-4.997 4.342-11.653 6.513-19.948 6.513-5.796 0-10.916-1.372-15.36-4.096-4.449-2.863-7.946-6.859-10.129-11.586l-0.070-0.169c-2.368-5.114-3.749-11.099-3.749-17.407 0-0.087 0-0.173 0.001-0.26l-0 0.013v-6.799c0-6.861 1.229-12.902 3.645-18.145 2.458-5.243 5.939-9.277 10.445-12.104 4.588-2.847 9.83-4.26 15.811-4.26 8.028 0 14.5 2.191 19.395 6.554 4.915 4.362 7.762 10.527 8.561 18.493h-12.595c-0.614-5.222-2.13-8.991-4.608-11.284-2.437-2.335-6.021-3.502-10.752-3.502-5.489 0-9.728 2.007-12.698 6.042-2.929 4.014-4.424 9.892-4.506 17.654v6.451c0 7.864 1.413 13.865 4.219 18.002 2.826 4.137 6.963 6.205 12.39 6.205 4.956 0 8.704-1.126 11.203-3.359s4.096-5.939 4.751-11.141h12.595zM541.368 920.965c0 7.148-1.229 13.394-3.686 18.801-2.478 5.366-6.021 9.503-10.609 12.411-4.567 2.867-9.83 4.301-15.811 4.301-5.898 0-11.162-1.434-15.79-4.301-4.668-3.013-8.339-7.21-10.637-12.171l-0.074-0.178c-2.397-5.224-3.794-11.333-3.794-17.768 0-0.241 0.002-0.481 0.006-0.721l-0 0.036v-4.096c0-7.107 1.229-13.373 3.748-18.801 2.54-5.448 6.083-9.585 10.65-12.452 4.608-2.908 9.871-4.362 15.79-4.362 5.939 0 11.203 1.434 15.77 4.301 4.588 2.847 8.151 6.943 10.65 12.288s3.768 11.571 3.789 18.678v4.035zM528.712 917.176c0-8.069-1.536-14.254-4.588-18.555-2.724-3.927-7.21-6.467-12.289-6.467-0.238 0-0.474 0.006-0.709 0.017l0.033-0.001c-0.156-0.006-0.34-0.009-0.524-0.009-5.086 0-9.579 2.536-12.284 6.412l-0.032 0.049c-3.072 4.26-4.628 10.322-4.71 18.145v4.198c0 7.987 1.556 14.193 4.669 18.555 3.133 4.362 7.455 6.554 12.984 6.554 5.612 0 9.912-2.13 12.902-6.41 3.031-4.26 4.547-10.486 4.547-18.698v-3.789z"
        ],
        "attrs": [
          {
            "fill": "rgb(175, 177, 184)"
          },
          {
            "fill": "rgb(175, 177, 184)"
          }
        ],
        "width": 922,
        "isMulticolor": false,
        "isMulticolor2": false,
        "grid": 0,
        "tags": [
          "logo 1"
        ],
        "colorPermutations": {
          "117117117117517718412552552551331502431": [
            {
              "f": 2
            },
            {
              "f": 2
            }
          ]
        }
      },
      "attrs": [
        {
          "fill": "rgb(175, 177, 184)"
        },
        {
          "fill": "rgb(175, 177, 184)"
        }
      ],
      "properties": {
        "order": 26,
        "id": 6,
        "name": "logo-1",
        "prevSize": 32
      },
      "setIdx": 1,
      "setId": 1,
      "iconIdx": 9
    },
    {
      "icon": {
        "paths": [
          "M1237.333 0h-1109.333c-70.571 0-128 57.429-128 128v768c0 70.571 57.429 128 128 128h1109.333c70.571 0 128-57.429 128-128v-768c0-70.571-57.429-128-128-128zM1237.333 85.333c5.803 0 11.349 1.195 16.384 3.328l-571.051 494.933-571.051-494.933c4.836-2.091 10.465-3.313 16.378-3.328l0.006-0h1109.333zM1237.333 938.667h-1109.333c-23.564 0-42.667-19.103-42.667-42.667v0-717.227l569.344 493.483c7.448 6.5 17.256 10.464 27.989 10.464s20.541-3.963 28.040-10.507l-0.051 0.043 569.344-493.483v717.227c0 23.564-19.103 42.667-42.667 42.667v0z"
        ],
        "attrs": [
          {
            "fill": "rgb(117, 117, 117)"
          }
        ],
        "width": 1365,
        "isMulticolor": false,
        "isMulticolor2": false,
        "grid": 0,
        "tags": [
          "mail"
        ],
        "colorPermutations": {
          "117117117117517718412552552551331502431": [
            {
              "f": 0
            }
          ]
        }
      },
      "attrs": [
        {
          "fill": "rgb(117, 117, 117)"
        }
      ],
      "properties": {
        "order": 27,
        "id": 5,
        "name": "mail",
        "prevSize": 32
      },
      "setIdx": 1,
      "setId": 1,
      "iconIdx": 10
    },
    {
      "icon": {
        "paths": [
          "M544 0h-448c-52.928 0-96 43.072-96 96v832c0 52.928 43.072 96 96 96h448c52.928 0 96-43.072 96-96v-832c0-52.928-43.072-96-96-96zM96 64h448c17.673 0 32 14.327 32 32v0 672h-512v-672c0-17.673 14.327-32 32-32v0zM544 960h-448c-17.673 0-32-14.327-32-32v0-96h512v96c0 17.673-14.327 32-32 32v0z",
          "M150.656 879.296c5.767 5.232 9.374 12.755 9.374 21.12s-3.607 15.888-9.35 21.099l-0.024 0.021c-5.952 5.449-13.914 8.787-22.656 8.787s-16.704-3.339-22.681-8.81l0.025 0.023c-5.767-5.232-9.374-12.755-9.374-21.12s3.607-15.888 9.35-21.099l0.024-0.021c5.952-5.449 13.914-8.787 22.656-8.787s16.704 3.339 22.681 8.81l-0.025-0.023z"
        ],
        "attrs": [
          {
            "fill": "rgb(117, 117, 117)"
          },
          {
            "fill": "rgb(117, 117, 117)"
          }
        ],
        "width": 640,
        "isMulticolor": false,
        "isMulticolor2": false,
        "grid": 0,
        "tags": [
          "phone"
        ],
        "colorPermutations": {
          "117117117117517718412552552551331502431": [
            {
              "f": 0
            },
            {
              "f": 0
            }
          ]
        }
      },
      "attrs": [
        {
          "fill": "rgb(117, 117, 117)"
        },
        {
          "fill": "rgb(117, 117, 117)"
        }
      ],
      "properties": {
        "order": 28,
        "id": 4,
        "name": "phone",
        "prevSize": 32
      },
      "setIdx": 1,
      "setId": 1,
      "iconIdx": 11
    },
    {
      "icon": {
        "paths": [
          "M682.496 169.984h93.542v-162.816c-39.438-4.57-85.136-7.177-131.443-7.177-1.669 0-3.337 0.003-5.005 0.010l0.256-0.001c-134.81 0-227.174 84.787-227.174 240.64v143.36h-148.685v182.016h148.685v457.984h182.374v-457.933h142.694l22.63-182.016h-165.376v-125.491c0-52.582 14.182-88.576 87.501-88.576z"
        ],
        "attrs": [
          {
            "fill": "rgb(175, 177, 184)"
          }
        ],
        "isMulticolor": false,
        "isMulticolor2": false,
        "grid": 0,
        "tags": [
          "facebook"
        ],
        "colorPermutations": {
          "117117117117517718412552552551331502431": [
            {
              "f": 2
            }
          ]
        }
      },
      "attrs": [
        {
          "fill": "rgb(175, 177, 184)"
        }
      ],
      "properties": {
        "order": 29,
        "id": 3,
        "name": "facebook",
        "prevSize": 32
      },
      "setIdx": 1,
      "setId": 1,
      "iconIdx": 12
    },
    {
      "icon": {
        "paths": [
          "M1024 194.509c-35.201 15.786-76.039 27.428-118.808 32.899l-2.178 0.227c43.522-26.13 76.217-66.496 91.947-114.543l0.418-1.476c-38.32 23.117-82.921 40.74-130.431 50.337l-2.689 0.453c-38.393-40.925-92.814-66.42-153.19-66.42-115.907 0-209.869 93.961-209.869 209.869 0 0.041 0 0.081 0 0.122l-0-0.006c0 16.64 1.382 32.666 4.864 47.872-174.541-8.499-328.96-92.16-432.691-219.546-18.048 30.373-28.761 66.941-28.877 106.002l-0 0.033c0 72.704 37.478 137.165 93.235 174.438-34.92-0.962-67.432-10.41-95.815-26.343l1.044 0.538v2.304c0.093 101.277 71.562 185.835 166.812 206.090l1.38 0.246c-15.959 4.362-34.284 6.869-53.194 6.869-0.649 0-1.297-0.003-1.945-0.009l0.099 0.001c-13.414 0-26.982-0.768-39.731-3.584 27.187 83.149 104.346 144.282 196.147 146.227-70.879 55.863-161.466 89.6-259.933 89.6-0.129 0-0.258-0-0.387-0l0.020 0c-17.203 0-33.69-0.819-50.227-2.918 90.449 59.072 201.192 94.211 320.143 94.211 0.67 0 1.339-0.001 2.008-0.003l-0.103 0c386.304 0 597.504-320 597.504-597.402 0-9.216-0.307-18.227-0.768-27.136 41.56-29.957 76.498-66.068 104.265-107.4l0.951-1.503z"
        ],
        "attrs": [
          {
            "fill": "rgb(175, 177, 184)"
          }
        ],
        "isMulticolor": false,
        "isMulticolor2": false,
        "grid": 0,
        "tags": [
          "twitter"
        ],
        "colorPermutations": {
          "117117117117517718412552552551331502431": [
            {
              "f": 2
            }
          ]
        }
      },
      "attrs": [
        {
          "fill": "rgb(175, 177, 184)"
        }
      ],
      "properties": {
        "order": 30,
        "id": 2,
        "name": "twitter",
        "prevSize": 32
      },
      "setIdx": 1,
      "setId": 1,
      "iconIdx": 13
    },
    {
      "icon": {
        "paths": [
          "M1023.744 1024h0.256v-375.603c0-183.706-39.578-325.222-254.31-325.222-103.27 0-172.544 56.627-200.858 110.387h-2.97v-93.235h-203.674v683.622h212.070v-338.483c0-89.139 16.896-175.36 127.283-175.36 108.749 0 110.336 101.734 110.336 181.043v332.851h211.866zM16.896 340.326h212.326v683.674h-212.326v-683.674zM122.982 0c-67.921 0-122.982 55.061-122.982 122.982v0c0 67.84 55.091 124.109 122.982 124.109 67.84 0 122.931-56.218 122.931-124.109-0.029-67.892-55.044-122.924-122.926-122.982l-0.006-0z"
        ],
        "attrs": [
          {
            "fill": "rgb(175, 177, 184)"
          }
        ],
        "isMulticolor": false,
        "isMulticolor2": false,
        "grid": 0,
        "tags": [
          "linkedin"
        ],
        "colorPermutations": {
          "117117117117517718412552552551331502431": [
            {
              "f": 2
            }
          ]
        }
      },
      "attrs": [
        {
          "fill": "rgb(175, 177, 184)"
        }
      ],
      "properties": {
        "order": 31,
        "id": 1,
        "name": "linkedin",
        "prevSize": 32
      },
      "setIdx": 1,
      "setId": 1,
      "iconIdx": 14
    },
    {
      "icon": {
        "paths": [
          "M1022.976 301.056c-2.355-54.426-11.162-91.802-23.757-124.211-13.577-35.567-33.733-65.876-59.193-90.785l-0.045-0.044c-24.946-25.349-55.171-45.423-88.902-58.449l-1.722-0.585c-32.614-12.595-69.786-21.35-124.211-23.757-54.784-2.611-72.192-3.226-211.251-3.226-139.008 0-156.416 0.614-211.046 3.021-54.374 2.355-91.802 11.162-124.16 23.757-35.587 13.57-65.913 33.727-90.837 59.194l-0.043 0.044c-25.327 24.951-45.383 55.175-58.398 88.901l-0.585 1.723c-12.646 32.614-21.402 69.786-23.808 124.211-2.611 54.784-3.226 72.192-3.226 211.251 0 139.008 0.614 156.416 3.021 211.046 2.406 54.426 11.213 91.802 23.808 124.211 13.646 35.534 33.772 65.828 59.153 90.795l0.034 0.033c25.6 26.010 56.627 46.182 90.624 58.982 32.614 12.646 69.837 21.453 124.211 23.808 54.63 2.406 72.038 3.021 211.046 3.021 139.059 0 156.467-0.614 211.046-3.021 54.426-2.355 91.802-11.162 124.211-23.757 69.038-27.2 122.662-80.825 149.244-148.088l0.618-1.774c12.595-32.614 21.402-69.837 23.808-124.211 2.406-54.63 2.97-72.038 2.97-211.046s-0.205-156.416-2.56-211.046zM930.816 719.155c-2.253 50.022-10.65 77.005-17.613 95.027-17.663 44.783-52.473 79.56-96.128 96.777l-1.152 0.4c-17.92 7.014-45.158 15.411-94.976 17.613-54.016 2.406-70.195 3.021-206.848 3.021-136.602 0-153.037-0.614-206.848-3.021-50.022-2.202-77.005-10.598-95.027-17.613-23.057-8.61-42.695-21.63-58.74-38.157l-0.037-0.039c-16.538-16.11-29.565-35.738-37.882-57.683l-0.364-1.095c-6.963-18.022-15.36-45.21-17.562-95.027-2.406-54.016-3.021-70.246-3.021-206.848 0-136.653 0.614-153.088 3.021-206.848 2.202-50.022 10.598-77.005 17.562-95.027 8.599-23.112 21.698-42.78 38.348-58.779l0.052-0.049c16.136-16.537 35.801-29.551 57.785-37.833l1.095-0.362c17.92-7.014 45.158-15.36 94.976-17.613 54.016-2.355 70.246-2.97 206.848-2.97 136.806 0 153.037 0.614 206.848 2.97 50.022 2.202 77.005 10.598 95.027 17.613 22.17 8.192 42.394 21.197 58.778 38.195 16.998 16.64 30.003 36.608 38.246 58.88 6.963 17.92 15.36 45.158 17.562 94.976 2.406 54.016 3.021 70.195 3.021 206.848 0 136.602-0.614 152.576-3.021 206.643z",
          "M513.894 249.037c-145.253 0.058-262.985 117.808-263.014 263.063l-0 0.003c-0 0.015-0 0.033-0 0.051 0 145.315 117.801 263.117 263.117 263.117s263.117-117.801 263.117-263.117c0-145.315-117.801-263.117-263.117-263.117-0.018 0-0.036 0-0.054 0l0.003-0zM513.894 682.701c-94.236-0.015-170.624-76.411-170.624-170.65 0-94.247 76.402-170.65 170.65-170.65 0.009 0 0.018 0 0.027 0l-0.001-0c94.261 0 170.675 76.414 170.675 170.675s-76.414 170.675-170.675 170.675l0-0zM848.794 238.643c0 33.932-27.508 61.44-61.44 61.44s-61.44-27.508-61.44-61.44l-0-0c0-33.932 27.508-61.44 61.44-61.44s61.44 27.508 61.44 61.44v-0z"
        ],
        "attrs": [
          {
            "fill": "rgb(175, 177, 184)"
          },
          {
            "fill": "rgb(175, 177, 184)"
          }
        ],
        "isMulticolor": false,
        "isMulticolor2": false,
        "grid": 0,
        "tags": [
          "instagram"
        ],
        "colorPermutations": {
          "117117117117517718412552552551331502431": [
            {
              "f": 2
            },
            {
              "f": 2
            }
          ]
        }
      },
      "attrs": [
        {
          "fill": "rgb(175, 177, 184)"
        },
        {
          "fill": "rgb(175, 177, 184)"
        }
      ],
      "properties": {
        "order": 32,
        "id": 0,
        "name": "instagram",
        "prevSize": 32
      },
      "setIdx": 1,
      "setId": 1,
      "iconIdx": 15
    }
  ],
  "height": 1024,
  "preferences": {
    "showGlyphs": true,
    "showCodes": true,
    "showQuickUse": true,
    "showQuickUse2": true,
    "showSVGs": true,
    "fontPref": {
      "prefix": "icon-",
      "metadata": {},
      "metrics": {
        "emSize": 1024,
        "baseline": 6.25,
        "whitespace": 50
      }
    },
    "imagePref": {
      "prefix": "icon-",
      "png": false,
      "useClassSelector": true,
      "color": 0,
      "bgColor": 16777215,
      "name": "icomoon",
      "classSelector": ".icon",
      "height": 32,
      "columns": 16,
      "margin": 16
    },
    "historySize": 50
  }
}